NIS_0_1_FMV.p3d	fmv0-1_700	Čisto.
NIS_0_1_FMV.p3d	fmv0-1_01	Jmenuji se Alex Mercer.
NIS_0_1_FMV.p3d	fmv0-1_02	Jsem důvodem toho všeho.
NIS_0_1_FMV.p3d	fmv0-1_03	Říkají mi vrah, monstrum, terorista.
NIS_0_1_FMV.p3d	fmv0-1_04	Jsem to všechno.
NIS_0_1_FMV.p3d	fmv0-1_05	Před třemi týdny někdo vypustil na Penn Station smrtící virus.
NIS_0_1_FMV.p3d	fmv0-1_06	Probudil jsem se v márnici.
NIS_0_1_FMV.p3d	fmv0-1_08	Teď loví­m... teď zabíjím, pohlcuji, stávám se.
NIS_0_1_FMV.p3d	fmv0-1_09	Zjistím, kdo mi tohle udělal.
NIS_0_1_FMV.p3d	fmv0-1_10	A donutím je za to zaplatit.
NIS_0_1_FMV.p3d	fmv0-1_70	Ghost Three Nine zemi, máte cíl na dohled? Přepínám.
NIS_0_1_FMV.p3d	fmv0-1_71	Negativní.
NIS_0_1_FMV.p3d	fmv0-1_72	Pomoc! Pomozte mi!!
NIS_0_1_FMV.p3d	fmv0-1_701	Ani hnout!
NIS_0_1_FMV.p3d	fmv0-1_702	Nehýbat se!
NIS_0_1_FMV.p3d	fmv0-1_11	Pěšáci! Palte!
NIS_0_1_FMV.p3d	fmv0-1_703	Čisto. Postupujte.
NIS_0_1_FMV.p3d	fmv0-1_704	Ty. Se mnou.
NIS_0_1_FMV.p3d	fmv0-1_705	Ji taky.
NIS_0_1_FMV.p3d	fmv0-1_73	To je on!
NIS_0_1_FMV.p3d	fmv0-1_706	Kde je váš velící důstojník?
NIS_0_1_FMV.p3d	fmv0-1_707	Pane, je na Times Square. Zavolám pro převo...
NIS_0_1_FMV.p3d	fmv0-1_710	To nebude nutné.
NIS_0_2_closing.p3d	fmv0-2_01	Máme míň než hodinu. Co dál?
NIS_0_2_closing.p3d	fmv0-2_02	Poslední člověk zodpovědný za tohle všechno dnes v noci zemře.
NIS_0_2_closing.p3d	fmv0-2_03	Jestli se odsud dostaneme živí. Myslíš, že jsi připravený?
NIS_0_2_closing.p3d	fmv0-2_04	Byl jsem na tohle stvořený.
NIS_0_2_fullcircle.p3d	fmv0-2_01	Máme míň než hodinu. Co dál?
NIS_0_2_fullcircle.p3d	fmv0-2_02	Poslední člověk zodpovědný za tohle všechno dnes v noci zemře.
NIS_0_2_fullcircle.p3d	fmv0-2_03	Jestli se odsud dostaneme živí. Myslíš, že jsi připravený?
NIS_0_2_fullcircle.p3d	fmv0-2_04	Byl jsem na tohle stvořený.
NIS_0_2_fullcircle.p3d	fmv0-2_05	Citadel Command, tady kapitán Cross.
NIS_0_2_fullcircle.p3d	fmv0-2_06	Mise splněna. Mám plukovníka Taggarta v zajetí. Připraven k evakuaci.
NIS_10-3a.p3d	fmv10-3_01	Hledal jsem pravdu. Našel jsem ji. Nelíbila se mi. Bůhví, jak moc bych chtěl na ni zapomenout.
NIS_10-3a.p3d	fmv10-3_02	Alex Mercer. Tohle město trpělo za jeho chyby, za to, co provedl na Penn Station. A ať už byl kýmkoli - je to část mě.
NIS_10-3a.p3d	fmv10-3_03	Když zavřu oči, vidím vzpomínky tisíce mrtvých mužů, jak křičí, zatímco jim beru životy. Okamžiky, které budu prožívat navěky.
NIS_10-3a.p3d	fmv10-3_04	Čím jsem se to stal? Něčím míň než člověkem. Ale i něčím víc.
NIS_10_3_FMV_nuke.p3d	nukefmv_01	Opusťte loď. Veškerá posádka, opusťte loď.
NIS_6-3_FMV.p3d	nis6-3_01	Kde je?
NIS_6-3_FMV.p3d	nis6-3_02	Teď je s námi.
NIS_6-3_FMV.p3d	nis6-3_03	Co sakra jsi?
NIS_6-3_FMV.p3d	nis6-3_04	Ten důvod.
NIS_6-3_FMV.p3d	nis6-3_05	Pro co?
NIS_6-3_FMV.p3d	nis6-3_06	Pro všechno.
NIS_6-3_FMV.p3d	nis6-3_10	UBLÍŽIL jsi mi.
NIS_6-4a_FMV.p3d	nis6-4a_01	Hej, hej. Dano!
woi/woi_ec1.p3d	woiec1_01	Pomsta byla jediná jasná myšlenka v mé hlavě. Jediná, o které jsem mohl říct, že je moje.
woi/woi_ec1.p3d	woiec1_02	Věděl jsem, že klíčem je Gentek. Dávalo to smysl. Pracoval jsem tam. Dana vyšetřovala jejich činnost. - A pak tu bylo Blackwatch.
woi/woi_ec1.p3d	woiec1_03	Ať už mě to změnilo cokoli... vymazalo mou minulost... muselo to začít tam.
woi/woi_ec1.p3d	woiec1_04	Myslel jsem, že když zjistím, kdo vedl Gentek, dřív než je Blackwatch taky vymaže, najdu svou minulost.
woi/woi_ec1.p3d	woiec1_05	Co sis myslel, že ti to přinese?
woi/woi_ec1.p3d	woiec1_06	Odpovědi. Chtěl jsem zjistit, co se mi stalo. Ten důvod. Někoho, koho můžu vinit. Někoho, koho můžu potrestat.
woi/woi_ec1.p3d	woiec1_07	Abych řekl pravdu, nikdy jsem nečekal, že ji najdu... Bůhví, jak moc bych si přál, abych nenašel.
woi/woi_ec2.p3d	woiec2_01	Říkal jsem ti - Karen a já jsme spolu kdysi byli. V mém bytě byly naše fotky. Aspoň předpokládám, že jsme to byli my.
woi/woi_ec2.p3d	woiec2_02	Karen pracovala v Genteku... Možná by mi vysvětlila, co se se mnou děje a jak to ovládat.
woi/woi_ec2.p3d	woiec2_03	Teď už vím... osvobodit Elizabeth Greenovou byla chyba. Byla to příšera, nakazila všechno, čeho se dotkla.
woi/woi_ec2.p3d	woiec2_04	Dostat se ke Greenové, zjistit, kdo mi tohle udělal. Myslel jsem, že je klíčem ke všemu.
woi/woi_ec2.p3d	woiec2_05	A byla?
woi/woi_ec2.p3d	woiec2_06	V jistém smyslu.
woi/woi_ec2.p3d	woiec2_07	Věděl jsem, že jsme propojení. Oběti společného nepřítele? Subjekty společného experimentu? Nevěděl jsem.
woi/woi_ec2.p3d	woiec2_08	Ale měl jsem Karen. A společně jsme tomu chtěli udělat přítrž.
woi/woi_ec3.p3d	woiec3_01	Všechno se zhoršovalo. Po celém městě propukala nákaza. Díky Greenové se teď objevili i Lovci. Blackwatch dal ostrov do karantény.
woi/woi_ec3.p3d	woiec3_02	Došlo mi, že McMullen - ředitel výzkumu v Genteku - nás všechny propojil.
woi/woi_ec3.p3d	woiec3_03	Pracoval pro Blackwatch. Studoval Greenovou. Karen a já jsme pro něj pracovali - víš, předtím.
woi/woi_ec3.p3d	woiec3_04	Věděl, kdo jsem - a možná - co se mi stalo.
woi/woi_ec3.p3d	woiec3_05	Myslel jsem si: až najdu McMullena, najdu sám sebe.
woi/woi_ec3.p3d	woiec3_06	No a co ti řekl?
woi/woi_ec3.p3d	woiec3_07	McMullen? Spoustu věcí.
woi/woi_ec3.p3d	woiec3_08	Některé z nich byly dokonce pravda.
woi/woi_ec3.p3d	woiec3_09	A pak?
woi/woi_ec3.p3d	woiec3_10	Pak? No, pak umřel.
woi/woi_ec4.p3d	woiec4_01	Bylo to dokonalé. Použili Karen, aby se dostali ke mně. Z genetického materiálu, který jsem nasbíral, vyrobili zbraň, kterou mě chtěli zničit.
woi/woi_ec4.p3d	woiec4_02	Než jsem zjistil, že pracuje pro Blackwatch, byla pryč.
woi/woi_ec4.p3d	woiec4_03	Ale měl jsem větší problém - zbraňová rakovina mě požírala zevnitř.
woi/woi_ec4.p3d	woiec4_04	Potřeboval jsem doktora. Zvláštní druh doktora. Potřeboval jsem Raglanda.
woi/woi_ec4.p3d	woiec4_05	Jaké to bylo, být nakažen něčím, co jsi nedokázal ovládat?
woi/woi_ec4.p3d	woiec4_06	Jako by mé vlastní tělo chtělo, abych byl mrtvý.
woi/woi_ec4.p3d	woiec4_07	Napadlo tě někdy, jak se cítil ten parazit? Inteligentní rakovina vytržená ze svého hostitele?
woi/woi_ec4.p3d	woiec4_08	Jo, napadlo. Jednou... těsně předtím, než jsem ji zabil.
woi/woi_ec5.p3d	woiec5_01	Netušil jsem, proč Greenová unesla mou sestru. Pomsta? Návnada do pasti? Věděl jsem jen jedno - musel jsem ji dostat zpátky.
woi/woi_ec5.p3d	woiec5_02	Tihle Nakažení jsou jako zvířata. Ale je v tom něco víc - jako skrytá ruka, co je řídí.
woi/woi_ec5.p3d	woiec5_02b	Hnízdní mysl se stala mou jedinou šancí. Byla to stopa, jak najít Danu - myslel jsem, že pohlcováním myslí nakažených dokážu sledovat to spojení a ono mě dovede k tomu, kdo ji unesl.
woi/woi_ec5.p3d	woiec5_05	Ale pak mi došlo... měl jsem prostředky... dostal jsem Blackwatch do kouta. Měl jsem jejich rakovinnou zbraň.
woi/woi_ec5.p3d	woiec5_05b	Mohl jsem tomu udělat přítrž přímo u zdroje, kdybych se dostal dost blízko ke Greenové.
woi/woi_ec5.p3d	woiec5_06	Takže najít Danu, zabít Greenovou, zastavit to šílenství. Stálo to za pokus.
woi/woi_ec5.p3d	woiec5_07	Podívej se teď na svoje dílo.
woi/woi_ec5.p3d	woiec5_08	Jo. Jsou bez hlavy. Armáda nakažených bez vůdce.
woi/woi_ec5.p3d	woiec5_09	Je jen otázkou času, kdy budou vyhlazeni.
woi/woi_ec5.p3d	woiec5_10	A co když jsou tam venku další vůdci?
woi/woi_ec5.p3d	woiec5_11	Ne... všichni jsou mrtví. Všichni. Kromě mě.
woi/woi_ec6.p3d	woiec6_01	Nejsem člověk.
woi/woi_ec6.p3d	woiec6_02	To odhalení. Osvobodilo mě. Zabilo mě.
woi/woi_ec6.p3d	woiec6_02b	Nejsem člověk. Alex je jen role, kterou hraju.
woi/woi_ec6.p3d	woiec6_03	Části mě se ulevilo. Část mě zemřela.
woi/woi_ec6.p3d	woiec6_04	Jen další převlek, že? Tak zažraný, tak skutečný, že mu věřím i já sám.
woi/woi_ec6.p3d	woiec6_06	Tehdy mi došlo, že jsem součástí toho všeho; odnož viru, který zasáhl Hope v devětašedesátém.
woi/woi_ec6.p3d	woiec6_06b	Blacklight. Ale bylo tam tajemství pohřbené ještě hlouběji.
woi/woi_ec6.p3d	woiec6_07	Když ses mi ozval, neměl jsem jinou možnost. Byl jsi zasvěcený. Byl jsem si jistý, že mi dáš odpověď.
woi/woi_ec6.p3d	woiec6_08	Co bylo to tajemství?
woi/woi_ec6.p3d	woiec6_09	Penn Station byla nulový bod, ne Elizabeth Greenová. Ať už tu nákazu spustil kdokoli... ať už mi tohle udělal kdokoli...
woi/woi_ec6.p3d	woiec6_10	Věděl jsem, že mi můžeš dát McMullena a že McMullen to bude vědět.
woi/woi_ec7.p3d	woiec7_02	Hope byl projekt Blackwatch. Cílem experimentu bylo vytvořit virovou zbraň, kterou by šlo zacílit na konkrétní rasové typy.
woi/woi_ec7.p3d	woiec7_03	Ale Hope se zvrtl. Mutovaný virus nakazil všechny ty lidi - přivedl je k šílenství.
woi/woi_ec7.p3d	woiec7_03b	Jejich těla se hemžila peklem. A uprostřed toho všeho byla Elizabeth Greenová.
woi/woi_ec7.p3d	woiec7_04	Nějak přežila, vydržela virus, pohltila ho, změnila - co já vím.
woi/woi_ec7.p3d	woiec7_04b	Její jedinečná biologie inspirovala tento nový výzkumný program biologických zbraní.
woi/woi_ec7.p3d	woiec7_04c	Z toho se stal GENTEK - a Alex Mercer pro ně pracoval.
woi/woi_ec7.p3d	woiec7_05	Uniklo toho o jeden krát víc a Randall zasáhl, aby to zastavil. Nikdo nebyl v bezpečí. Mercer utekl z místa se vzorkem viru. Vzal si ho jako pojistku pro případ potřeby.
woi/woi_ec7.p3d	woiec7_06	Blackwatch ho zahnal do kouta na Penn Station. Se zády ke zdi vypustil virus na Manhattan.
woi/woi_ec7.p3d	woiec7_07	To, co Mercer udělal, je za hranicí odpuštění.
woi/woi_ec7.p3d	woiec7_10	Ale žádný Alex Mercer už neexistuje. Virus ho nejen zabil, stal se jím; zkopíroval jeho tělo až na genetickou úroveň. Stal se mnou.
woi/woi_ec7.p3d	woiec7_11	JÁ JSEM TEN VIRUS. A já jsem naopak osvobodil Elizabeth Greenovou - aby nakazila město podruhé.
woi/woi_ec7.p3d	woiec7_12	Teď je mrtvá, ale Randall nepřijme, že se virus dá zastavit. Pomocí FIREBREAKU srovná město se zemí - přesně jako Hope.
woi/woi_ec7.p3d	woiec7_13	Ale Hope má ještě jednu poslední záhadu k odhalení. Greenová byla těhotná, když ji v devětašedesátém našli. Co se stalo s tím dítětem?
woi/woi_ec7.p3d	woiec7_14	Myslíš, že tvá odpověď je tam venku na Reaganovi?
woi/woi_ec7.p3d	woiec7_15	Vím jen jedno: svou odpověď dostanu od Randalla.
woi/woi_node_001.p3d	woi001_001	Jaká je situace s Mercerem?
woi/woi_node_001.p3d	woi001_002	Subjekt je hledán v souvislosti se zrádnou činností proti Spojeným státům a jejich spojencům. Od včerejší noci je Alex Mercer teroristickou hrozbou číslo jedna ve Spojených státech.
woi/woi_node_003.p3d	woi003_001	Cíl vykazuje klasickou osobnost s plochým afektem.
woi/woi_node_003.p3d	woi003_001b	Psychopatický nezájem o druhé, narcistický pohled na svět prokládaný poruchami sebestředné posedlosti.
woi/woi_node_003.p3d	woi003_002	Dobře, a teď by mi to někdo mohl zopakovat lidsky.
woi/woi_node_004.p3d	woi004_001	Subjekt uprchl ve 22:30 poté, co zavraždil tři členy personálu.
woi/woi_node_004.p3d	woi004_002	Krátce nato pravděpodobně unesl jednoho agenta.
woi/woi_node_004.p3d	woi004_003	Je nakažen variantou viru BLACKLIGHT. Konkrétně DX-1118, látkou, jejíž účinky na lidské tělo jsou přinejlepším jen málo prozkoumané. Nemáme tušení, čeho je schopen.
woi/woi_node_005.p3d	woi005_001	Doktore, snažte se zůstat u obecné roviny. Potřebujeme vědět, s čím máme v terénu co do činění.
woi/woi_node_005.p3d	woi005_002	Jeho účinek je... proměnlivý. Když se PROJEVÍ, dělá z idažského kmene obyčejné nachlazení.
woi/woi_node_005.p3d	woi005_003	Nemusím vám, pánové, připomínat, jak blízko jsme byli bodu, odkud není návratu, v Idahu.
woi/woi_node_005.p3d	woi005_004	Mercerovo tělo je bomba plná tohoto zbraňového patogenu, čekající, až vybuchne.
woi/woi_node_005.p3d	woi005_005	A teď je volný ve městě. Přivezte ho, ať to stojí, co to stojí. Řekl bych mrtvého nebo živého, ale nejsem si jistý, že na Alexe Mercera ta kategorie ještě platí.
woi/woi_node_006.p3d	woi006_001	Na co se to tu vlastně díváme?
woi/woi_node_006.p3d	woi006_002	Na budoucnost.
woi/woi_node_006.p3d	woi006_002b	Jakkoli neuvěřitelně to zní, dokáže ovládat své tělo na genetické úrovni.
woi/woi_node_006.p3d	woi006_003	Změny jsou okamžité. Všechno, dokonce i oblečení, je napodobené.
woi/woi_node_006.p3d	woi006_003b	Tkáň se diferencuje a proměňuje - za pochodu.
woi/woi_node_006.p3d	woi006_004	Chci ho na pitevním stole, potřebuji vědět, co ho žene.
woi/woi_node_007.p3d	woi007_001	Kapitáne, generál čeká.
woi/woi_node_007.p3d	woi007_002	Minutku, desátníku. Doktore!
woi/woi_node_007.p3d	woi007_003	McMullene, co sakra ta věc je?
woi/woi_node_007.p3d	woi007_004	Kapitáne, nevíme toho dost, abychom to řekli jistě. Ať už Mercer je cokoli, je spíš jako Greenová než ne.
woi/woi_node_007.p3d	woi007_005	Ale proč jsou tady? Jaký účel plní?
woi/woi_node_007.p3d	woi007_006	Vím jen to, že pokud virus získá kontrolu, nebudeme tu, abychom viděli výsledek.
woi/woi_node_008.p3d	woi008_001	Tenhle záznam jsem už viděl.
woi/woi_node_008.p3d	woi008_002	Ale nedával jste pozor. Podívejte se znovu. Použije kód k otevření dveří hned poté, co pohltí cíl. Ten kód znali jen tři lidé.
woi/woi_node_008.p3d	woi008_002b	Co když ZEUS sbírá mysli, jako dítě sbírá můry?
woi/woi_node_008.p3d	woi008_003	Co když má přístup ke všemu, co kdokoli, koho pohltí, viděl, udělal nebo slyšel?
woi/woi_node_008.p3d	woi008_004	To by vysvětlovalo hned několik věcí: jeho znalost taktiky BLACKWATCH, schopnost pilotovat letadla a obrněnou techniku - něco, v čem Mercer neměl žádný výcvik.
woi/woi_node_008.p3d	woi008_004b	Stejně jako jeho neskutečnou dovednost odhalovat spící agenty.
woi/woi_node_008.p3d	woi008_005	To by pro nás všechny v BLACKWATCH bylo taky velmi, velmi špatné.
woi/woi_node_009.p3d	woi009_001	Pane, potřebuji váš podpis na těchto dokumentech.
woi/woi_node_009.p3d	woi009_002	McMullene, vidíte přece, že mám plné ruce práce. Přestaňte mluvit o Mercerovi, jako by byl odpovědí na naše zatracené problémy. Je to Běžec.
woi/woi_node_009.p3d	woi009_003	V tom se mýlíte - žádný jiný Běžec v historii BLACKLIGHTU nebyl muž. Fakt je, že nevíme, co je zač.
woi/woi_node_009.p3d	woi009_004	Vím, čím není... A to stačí.
woi/woi_node_010.p3d	woi010_001	Telefonní hovor, 12:21:04. Subjekty RANDALL, PETER. MCMULLEN, RAYMOND. Téma: MERCER, ALEX J.
woi/woi_node_010.p3d	woi010_002	To, uh, riziko. Mercer? Jaký je jeho stav?
woi/woi_node_010.p3d	woi010_003	Zatím je pod dvacetičtyřhodinovým dohledem.
woi/woi_node_010.p3d	woi010_004	A pořád má přístup ke Greenové?
woi/woi_node_010.p3d	woi010_005	Prozatím ano. Jeho práce byla zásadní pro odhalení viru BLACKLIGHT.
woi/woi_node_010.p3d	woi010_006	Držte ho nakrátko. Víte, co je tady v sázce.
woi/woi_node_011.p3d	woi011_001	Poslouchej. Musíš odsud zmizet.
woi/woi_node_011.p3d	woi011_002	Máme Mercera na příjmu. Sledujeme signál.
woi/woi_node_011.p3d	woi011_003	Je mi jedno, co říkají.
woi/woi_node_011.p3d	woi011_004	Máme ho. 30. a 7. ulice, v pohybu. Podle mobilu. Vyšlete jednotku. V civilu.
woi/woi_node_013.p3d	woi013_001	Nemáš ponětí, co plánují.
woi/woi_node_013.p3d	woi013_002	To z toho nedělá správnou věc.
woi/woi_node_013.p3d	woi013_003	Poslouchej -- to neriskujou. Ani McMullen není tak blbý. Mám je pod kontrolou.
woi/woi_node_013.p3d	woi013_004	Jo. Problém je, že mi vždycky připadali spíš jako hráči dámy, Alexi.
woi/woi_node_014.p3d	woi014_001	Pane, mám prioritní odposlech.
woi/woi_node_014.p3d	woi014_002	Zajistil jsem si pojistku.
woi/woi_node_014.p3d	woi014_003	Snad jsi to nevynesl z laboratoře?
woi/woi_node_014.p3d	woi014_004	Jo. Mám to tady, u sebe. Počkej. Počkej. Do prdele. Musím končit.
woi/woi_node_015.p3d	woi015_001	Říkám, že subjekt vstoupil na stanici s úmyslem uvolnit zbraň.
woi/woi_node_015.p3d	woi015_002	Jste si jistý?
woi/woi_node_015.p3d	woi015_003	Ano, pane. Nemám žádné pochybnosti.
woi/woi_node_015.p3d	woi015_004	Kolik lidí bylo vystaveno nákaze?
woi/woi_node_015.p3d	woi015_005	Na stanici, pane? Nevím. Stovky. Tisíce. Já nevím....
woi/woi_node_016.p3d	woi016_001	Mercer, Alexander J. Rodiče rozvedeni. Jeden sourozenec. Doktorát z genetiky, Columbia University. Přijat do zvláštních projektů Genteku.
woi/woi_node_016.p3d	woi016_002	Zástupce ředitele: oddělení utajeno. Přístup úrovně A. Podléhal: řediteli McMullenovi, Raymondovi.
woi/woi_node_016.p3d	woi016_003	Aktuální stav: přidělen KRYCÍ NÁZEV ZEUS. Cíl priority 1A, ODPOVĚDNÝ ZA ROZŠÍŘENÍ VIRU BLACKLIGHT V NEW YORKU. NEPŘIBLIŽOVAT SE.
woi/woi_node_017.p3d	woi017_001	Pane, obnovili jsme kontakt s cílem.
woi/woi_node_017.p3d	woi017_002	Podrazil jsi mě, McMullene.
woi/woi_node_017.p3d	woi017_003	To je Alex? Skonči to. Přijď za mnou. Hned.
woi/woi_node_017.p3d	woi017_004	Proč jsi mi neřekl, odkud ten vzorek pochází!?
woi/woi_node_017.p3d	woi017_005	Nemohl jsem, Alexi. Nemohl jsem to riskovat.
woi/woi_node_017.p3d	woi017_006	Jo, no, podělal jsi to.
woi/woi_node_018.p3d	woi018_001	Nenakazila se přirozeně. Byla to zasraná pokusná osoba!
woi/woi_node_018.p3d	woi018_002	To nevíme jistě.
woi/woi_node_018.p3d	woi018_003	Celý tohle smrdí. Někdo nás podrazil. Kam mizí výsledky, kterých jsme dosáhli? Prostě... zmizí.
woi/woi_node_018.p3d	woi018_004	Hm, co s tím uděláš?
woi/woi_node_018.p3d	woi018_005	Cokoli bude potřeba.
woi/woi_node_019.p3d	woi019_001	11:10:01. Subjekty: MERCER, ALEX J. a PARKER, KAREN I.
woi/woi_node_019.p3d	woi019_002	Jestli padnu, nepadnu sám.
woi/woi_node_019.p3d	woi019_003	Alexi, poslouchej, tohle můžeme vyřešit.
woi/woi_node_019.p3d	woi019_004	Na to už je pozdě.
woi/woi_node_019.p3d	woi019_005	Co chceš, Alexi? Co pro tebe můžu udělat?
woi/woi_node_019.p3d	woi019_006	Chci pravdu! Odkud se vzala!?
woi/woi_node_021.p3d	woi021_001	Byl jsi ve zvláštních projektech? Na čem jsi pracoval?
woi/woi_node_021.p3d	woi021_002	Nevěděli jsme, na čem vlastně pracujeme. Teda, nakonec jsem si to poskládal. Ale to už jsem byl v tom namočený.
woi/woi_node_021.p3d	woi021_003	Bylo to nádherné. Pořád se to měnilo. Byla to nejsložitější virová struktura, jakou jsem kdy viděl.
woi/woi_node_021.p3d	woi021_004	Celkem vzato jsem si vedl dobře. Trvalo mi jen tři roky, než jsem to udělal desetkrát nebezpečnějším.
woi/woi_node_021.p3d	woi021_005	Morálka nebyla moje práce. Úprava chimérických virů ano. Nezabýval jsem se terénním nasazením, ale konstrukcí.
woi/woi_node_022.p3d	woi022_001	Tohle víme jistě: subjekt dokáže měnit strukturu těla v neznámém rozsahu.
woi/woi_node_022.p3d	woi022_002	Dokáže přetvořit části těla ve zbraň, měnit rysy obličeje a možná i napodobovat hlasy a chování.
woi/woi_node_022.p3d	woi022_003	Stručně řečeno: je to noční můra pro bezpečnost.
woi/woi_node_023.p3d	woi023_001	Problém se ZEUSovou pamětí by mohl být výhoda, kterou využijeme.
woi/woi_node_023.p3d	woi023_002	Známí lidé, předměty, místa... Zdá se, že ZEUSovi vracejí vzpomínky. Tenhle návrat je bolestivý.
woi/woi_node_023.p3d	woi023_003	Dokáže to ZEUSovi ublížit?
woi/woi_node_023.p3d	woi023_004	V těch chvílích je ZEUS zranitelný. Čím víc toho o něm víme a čím míň zjistí on, tím líp na tom jsme.
woi/woi_node_023.p3d	woi023_005	Můžeme být i vynalézaví. Můžeme lhát.
woi/woi_node_024.p3d	woi024_001	Co si myslíš, že se jí honí hlavou?
woi/woi_node_024.p3d	woi024_002	Nic, mozek jí virus spálil.
woi/woi_node_024.p3d	woi024_003	Hmm... vypadá to...
woi/woi_node_024.p3d	woi024_004	Jo.
woi/woi_node_024.p3d	woi024_005	Vypadá to, že... na něco čeká.
woi/woi_node_025.p3d	woi025_001	Co se tam sakra stalo?
woi/woi_node_025.p3d	woi025_002	Tým jedna přestal vysílat hned po vstupu do prostoru cel.
woi/woi_node_025.p3d	woi025_003	To stačí, uzavřít to. Nikdo nevejde ani nevyjde z budovy Genteku. Chci to zapečetěné protokolem úrovně čtyři.
woi/woi_node_026.p3d	woi026_001	Poslední Běžec nám zabral tři týdny, než jsme ho vystopovali. Zasáhl zapadákov jménem Two Bluff v Arizoně. Nikdo si nevšiml, když to město vyschlo a zaniklo.
woi/woi_node_026.p3d	woi026_002	Jsou mazaní. Dělné včely -- Chodci -- ty jen plní rozkazy, ale Běžci jsou jiní. Ti myslí.
woi/woi_node_026.p3d	woi026_003	A co tenhle?
woi/woi_node_026.p3d	woi026_004	Ona? Hm... je to Běžec. Jenže nemá kam utíkat.
woi/woi_node_027.p3d	woi027_001	Představuje nejzajímavějšího lidského přenašeče, jaký byl kdy objeven. Její tělo denně vytváří stovky unikátních kmenů. Většina je neškodná, pár smrtelných.
woi/woi_node_027.p3d	woi027_002	Tak co dělá?
woi/woi_node_027.p3d	woi027_003	Jako by se raketově vyvíjela. Zkouší varianty na genetické úrovni. Stává se z toho něco jiného.
woi/woi_node_028.p3d	woi028_001	Viděl jste náš rozkaz izolovat subjekt na místě, pane. Přímo od generála Randalla.
woi/woi_node_028.p3d	woi028_002	Je víc než jen nějaký pokusný subjekt! Nemáte ponětí, co představuje!
woi/woi_node_028.p3d	woi028_003	Neveďte to jako nějaké cvičení. Musíme ji dostat z města, hned!
woi/woi_node_029.p3d	woi029_001	Co jsme před nimi tajili? Všechno.
woi/woi_node_029.p3d	woi029_002	Pokračujte.
woi/woi_node_029.p3d	woi029_003	Ten... zdroj. Je to klíč ke genetice -- ale zároveň stroj, co chrlí nejhorší viry, jaké kdo viděl.
woi/woi_node_029.p3d	woi029_003b	Věci, které -- kdyby unikly z laboratoře -- by doslova mohly vymazat lidskou civilizaci, jak ji známe.
woi/woi_node_029.p3d	woi029_004	A jak jste se u toho cítil?
woi/woi_node_029.p3d	woi029_005	Necítit se -- za to mě neplatili.
woi/woi_node_030.p3d	woi030_001	Postup je tento: subjektu odebereme malé množství krve. Její krev se vždy jen hemží variantami viru.
woi/woi_node_030.p3d	woi030_002	Tyto vzorky jsou klíčem k našemu výzkumu. Mohly by vyléčit každou nemoc, jakou lidstvo zná.
woi/woi_node_030.p3d	woi030_003	Nebo ji vyvolat?
woi/woi_node_031.p3d	woi031_001	Podejte mi hlášení o fyzickém stavu subjektu s krycím jménem MOTHER.
woi/woi_node_031.p3d	woi031_002	Subjekt je držen v zajetí třicet devět let bez jakýchkoli negativních následků.
woi/woi_node_031.p3d	woi031_003	Za tu dobu nevykázal žádné degenerativní projevy -- žádný úbytek kloubů, otoky, potíže ani atrofii. Nic.
woi/woi_node_031.p3d	woi031_004	Doslova nestárne. Nemáme ponětí, jak je to možné.
woi/woi_node_032.p3d	woi032_001	Nevím. Nemáme všechna data. Zdá se, že Greenová je ohnisko. Ostatní jsou jen loutky.
woi/woi_node_032.p3d	woi032_002	Pane, na to nemáme žádné vědecké podklady.
woi/woi_node_032.p3d	woi032_003	Poslyšte. Centrální řízení vychází z ohniska. Šíří se, myslí, plánuje. Čtyřicet let vědy tvrdí, že to není možné, ale řekněte mi, že se to neděje.
woi/woi_node_032.p3d	woi032_004	Úder proti centrálnímu přenašeči by mohl nákazu setnout. Cítím to v kostech. K tomu nepotřebuju vědu.
woi/woi_node_033.p3d	woi033_001	Subjekt s krycím jménem MOTHER vykazuje zvláštní vlastnosti neodpovídající infekci DX-1118. Zda jde o přirozenou imunitu -- nebo o něco víc -- se teprve ukáže.
woi/woi_node_033.p3d	woi033_002	Co to tedy znamená pro náš výzkum?
woi/woi_node_033.p3d	woi033_003	Všichni se shodneme, že představuje naši nejlepší šanci prolomit obranu viru.
woi/woi_node_034.p3d	woi034_001	Věřím, že Greenová je jakýsi spouštěč. Představte si život na Zemi jako jeden organismus. Nemoc, kterou uvolňuje, může fungovat jako hormon v těle -- vyvolává změnu. Přetváří organismus.
woi/woi_node_034.p3d	woi034_002	V tomto případě tedy přetváří život na Zemi?
woi/woi_node_034.p3d	woi034_003	Ano. Mění ho.
woi/woi_node_034.p3d	woi034_004	V co?
woi/woi_node_034.p3d	woi034_005	Přesně tak. V co?
woi/woi_node_035.p3d	woi035_001	Subjekt: Greenová, Elizabeth M. Krycí jméno MOTHER. Nalezena v Hope, Idaho, 7. 7. 69. Operace ALTRUISTIC.
woi/woi_node_035.p3d	woi035_002	Přemístěna do Ft. Detrick 1. 8. 69 k izolaci.
woi/woi_node_035.p3d	woi035_003	Držena v Detricku, oddělení F, devět let a dva měsíce.
woi/woi_node_035.p3d	woi035_003b	1. 10. 78 -- přemístěna k izolaci na zdravotnickou stanici Governors Island, New York.
woi/woi_node_035.p3d	woi035_004	1. 1. 89 přesunuta do zařízení Genteku v centru města, ke studiu v rámci projektu BLACKLIGHT.
woi/woi_node_036.p3d	woi036_001	BLACKWATCH lže. Z Hope si odvezli víc než jen Elizabeth Greenovou.
woi/woi_node_036.p3d	woi036_002	Pamatuješ si její rentgeny pánve?
woi/woi_node_036.p3d	woi036_003	Ne.
woi/woi_node_036.p3d	woi036_004	Její kyčelní kosti ukazovaly na těhotenství.
woi/woi_node_036.p3d	woi036_005	V její dokumentaci není o těhotenství žádný záznam. Kdo by měl moc něco takového utajit?
woi/woi_node_037.p3d	woi037_001	Pane, neoficiálně -- kdo sakra jsou ti chlapi z BLACKWATCH?
woi/woi_node_037.p3d	woi037_002	Stačí vám vědět, že se budete řídit jejich pokyny.
woi/woi_node_037.p3d	woi037_003	Jsem mariňák, pane. Udělám, co bude třeba, ale neoficiálně -- s čím to tu sakra máme co do činění?
woi/woi_node_037.p3d	woi037_004	Existují dva druhy válek, do kterých se Amerika nechce dostat, majore. Jedna je jaderná a druhá je ta, kterou vedeme právě teď a tady.
woi/woi_node_038.p3d	woi038_001	KDYŽ LOVÍME, ZABÍJÍME.
woi/woi_node_038.p3d	woi038_002	NIKDO NENÍ V BEZPEČÍ. NIC NENÍ POSVÁTNÉ. JSME BLACKWATCH. JSME POSLEDNÍ LINIE OBRANY.
woi/woi_node_038.p3d	woi038_003	SPÁLÍME I VLASTNÍ LIDI, ABYCHOM UDRŽELI RUDOU LINII. JE TO POSLEDNÍ LINIE, KTERÁ KDY BUDE DRŽET.
woi/woi_node_039.p3d	woi039_001	Nech si ty kecy, desátníku, dostaň ji do vozidla. Ty! Srazíme se ve 22:00 v Bryant Parku!
woi/woi_node_039.p3d	woi039_002	ROZKAZ!
woi/woi_node_039.p3d	woi039_003	Mějte oči na stopkách. Volně pobíhá Běžec.
woi/woi_node_039.p3d	woi039_004	Pohyb, pohyb!
woi/woi_node_040.p3d	woi040_001	První všeobecný rozkaz!
woi/woi_node_040.p3d	woi040_002	V případě pochybností střílet na zabití!
woi/woi_node_040.p3d	woi040_003	Druhý!
woi/woi_node_040.p3d	woi040_004	Bez povolení žádný průchod!
woi/woi_node_040.p3d	woi040_005	Třetí!
woi/woi_node_040.p3d	woi040_006	Přes Rudou linii nic nepřejde, pane!
woi/woi_node_041.p3d	woi041_001	*zápasí* Zasraný pochodující hajzlové.
woi/woi_node_041.p3d	woi041_002	*smích* Tou hubou líbáš svou matku?
woi/woi_node_041.p3d	woi041_003	*do headsetu* Rozumím, Christopher street 2215. Byt 15 A. Mám to. Nastupovat, máte kontrolní bod. Pohyb!
woi/woi_node_042.p3d	woi042_001	Pokračujte.
woi/woi_node_042.p3d	woi042_002	Subjekt vykazuje příznaky primární infekce.
woi/woi_node_042.p3d	woi042_003	Máme potvrzení z detekčních stanic po celém ostrově. Kmen, který přenáší, je neznámý.
woi/woi_node_042.p3d	woi042_004	O jakém šíření se tu bavíme?
woi/woi_node_042.p3d	woi042_005	Naštěstí se zdá, že nedokáže překonat vodní plochy. Uzavřeli jsme výjezdy z ostrova. Tady to můžeme zastavit.
woi/woi_node_043.p3d	woi043_001	Máme potvrzeno agens ve dvou vzorkovacích stanicích.
woi/woi_node_043.p3d	woi043_002	To je... varianta DX-1118. Zatím neurčená.
woi/woi_node_043.p3d	woi043_003	Za deset až patnáct hodin lze očekávat propuknutí nákazy. Je nezbytné, aby zásahové týmy byly na místě do několika minut od prvního potvrzení.
woi/woi_node_043.p3d	woi043_004	Jsme tu, abychom zajistili, že se to, co se stalo v roce 1969, už nikdy nebude opakovat. Všichni znáte svou povinnost. Ať to stojí, co to stojí.
woi/woi_node_044.p3d	woi044_001	Plukovník Taggart vydal rozkaz k uzavření ostrova. Přišlo to shora -- starý pán je tu osobně a velí sám.
woi/woi_node_044.p3d	woi044_002	ROZKAZ!
woi/woi_node_044.p3d	woi044_003	Potřebuju muže s ledem v žilách. Přes Rudou linii nic nepřejde.
woi/woi_node_045.p3d	woi045_001	Rudá linie je vytyčena.
woi/woi_node_045.p3d	woi045_001b	Nikdo se nedostane na ostrov ani z něj bez povolení velení BLACKWATCH.
woi/woi_node_045.p3d	woi045_002	ROZKAZ!
woi/woi_node_045.p3d	woi045_003	Pánové. Na tuhle chvíli jsme se připravovali čtyřicet let. Neselžeme.
woi/woi_node_046.p3d	woi046_001	Chci clonu mužů a obrněné techniky, jakmile přijde rozkaz.
woi/woi_node_046.p3d	woi046_002	Přelety nad řekami jsou připraveny odstřelovat civilisty, kteří se pokusí přeplavat. Mosty jsou zaminované a zablokované technikou.
woi/woi_node_046.p3d	woi046_003	Jakmile budeme připraveni, nic neschváleného se na ostrov nedostane ani z něj.
woi/woi_node_047.p3d	woi047_001	Hlaste se, Six One!
woi/woi_node_047.p3d	woi047_002	Jsme pod těžkým útokem, Ten One. Ztratili jsme 30-40 % obranných sil na stadionu.
woi/woi_node_047.p3d	woi047_003	Držte pozici!
woi/woi_node_047.p3d	woi047_004	Rozkaz!
woi/woi_node_047.p3d	woi047_005	Six One! Six One!
woi/woi_node_047.p3d	woi047_006	Spojte se s velením. Řekněte jim, že stadion je ztracen.
woi/woi_node_048.p3d	woi048_001	Pane. Tým Wisemen je na místě a připraven k lovu.
woi/woi_node_048.p3d	woi048_002	Dobře. Pošlete tam kapitána.
woi/woi_node_048.p3d	woi048_003	Pane... je pravda, že posledního Běžce dostal sám?
woi/woi_node_048.p3d	woi048_004	Nedostal. Zabil.
woi/woi_node_049.p3d	woi049_001	Pane, máme na spojení U.S.S. Reagan.
woi/woi_node_049.p3d	woi049_002	Tady velení Palace. Jaký je váš stav, Citadel?
woi/woi_node_049.p3d	woi049_003	Tady velení Citadel. Všechny posádky hlásí připravenost. Letouny natankovány a připraveny k přeletu kontrolní zóny.
woi/woi_node_049.p3d	woi049_004	Čekejte na rozkazy, CITADEL.
woi/woi_node_050.p3d	woi050_001	Nákladní čluny budou přisunuty jako dočasné úložiště mrtvých.
woi/woi_node_050.p3d	woi050_002	Na těchto molech bude udržována přísná ostraha. Jde o oblasti s přísným zákazem vstupu pro kohokoli mimo tuto skupinu.
woi/woi_node_050.p3d	woi050_003	Jakmile bude člun plný, obsah bude spálen. Pokud tato nemoc proběhne celým svým průběhem, počítejte s víc než čtyřmi tisíci čluny.
woi/woi_node_051.p3d	woi051_001	Pane. Jak dlouho ještě musíme snášet ty amatéry?
woi/woi_node_051.p3d	woi051_002	Jelikož tvůj mozek nechápe, proč tu jsou mariňáci, vysvětlím ti to natvrdo.
woi/woi_node_051.p3d	woi051_003	Stařík je sem přivedl ze dvou důvodů: jsou to úderné jednotky, jdou napřed, berou na sebe ztráty, označí nepřítele a my po nich uklidíme.
woi/woi_node_051.p3d	woi051_004	Pane.
woi/woi_node_051.p3d	woi051_005	Za druhé, jsou veřejnou tváří téhle okupace. Až město lehne popelem, padne to na ně.
woi/woi_node_053.p3d	woi053_001	Pane, dostaneme tohle z bryndy?
woi/woi_node_053.p3d	woi053_002	Je mi u prdele, jestli je to Hope, Two Bluff, New York nebo zasraný DC. Vypálíme tu nákazu, dokud s ní nebude konec. Za každou cenu.
woi/woi_node_053.p3d	woi053_003	Pane!
woi/woi_node_053.p3d	woi053_004	New York není nic proti té druhé možnosti. Prostě to spalte, sakra to spalte. Vypalte to všechno, dokud to nebude čisté.
woi/woi_node_055.p3d	woi055_001	Tak zajedu za to letadlo, jak se snaží doplazit přes Hudson.
woi/woi_node_055.p3d	woi055_002	Jo?
woi/woi_node_055.p3d	woi055_003	A ono kýve křídly, jako - nestřílej! Měl jsem zaměřeno na míli daleko.
woi/woi_node_055.p3d	woi055_004	Bum.
woi/woi_node_057.p3d	woi057_001	Dejte mi hrubý odhad ztrát mariňáků.
woi/woi_node_057.p3d	woi057_002	Přibližně 1000 až 2500.
woi/woi_node_057.p3d	woi057_003	Celkem?
woi/woi_node_057.p3d	woi057_004	Ne, pane.
woi/woi_node_057.p3d	woi057_004b	Týdně.
woi/woi_node_058.p3d	woi058_001	Cíl je pravděpodobně Běžec. Poslední, na kterého jsme narazili, se týdny táhl přes jihozápad Spojených států a nakazil, koho stihl.
woi/woi_node_058.p3d	woi058_002	Pane, jaká máme pravidla nasazení?
woi/woi_node_058.p3d	woi058_003	Okamžitě přivolejte leteckou podporu a dělostřelectvo. Pokud se pokusí přemístit před úderem, palte z nejtěžší výzbroje, co máte po ruce. A pokud pak bude pořád ještě kopat... nechte to na nás.
woi/woi_node_059.p3d	woi059_001	Zdá se, že se jeho chování mění.
woi/woi_node_059.p3d	woi059_002	Virus se chová způsobem, který neodpovídá předchozím propuknutím nákazy. Nemáme tušení proč.
woi/woi_node_059.p3d	woi059_003	Já tu zatracenou věc už jednou zastavil. Zastavil ji úplně. Udělám to znovu. Na tuhle chvíli se připravujeme čtyřicet let.
woi/woi_node_060.p3d	woi060_001	Pane, tady je spis FIREBREAK.
woi/woi_node_060.p3d	woi060_002	Děkuji, poručíku.
woi/woi_node_060.p3d	woi060_003	Pane, bude to... bude to nutné?
woi/woi_node_060.p3d	woi060_004	Když na to dojde, prostě udělej svou práci, synu. Všechno ostatní je v rukou božích.
woi/woi_node_061.p3d	woi061_001	Toto je utajováno NAD RÁMEC PŘÍSNĚ TAJNÉ. Projekt BLACKWATCH založen 9. 6. 1962 agenturou DARPA a ministerstvem armády.
woi/woi_node_061.p3d	woi061_001b	Základna operací: Fort Detrick, Maryland.
woi/woi_node_061.p3d	woi061_002	Poslání: výzkum a vývoj biologických zbraní pro použití proti cizím mocnostem.
woi/woi_node_061.p3d	woi061_003	Po operaci ALTRUISTIC ze 7. 7. 1969 se poslání BLACKWATCH změnilo.
woi/woi_node_061.p3d	woi061_003b	Nyní zní: odhalovat, utajovat a předcházet propuknutí neznámých virů -- ať už uměle upravených, nebo přírodních -- na americké půdě.
woi/woi_node_061.p3d	woi061_004	BLACKWATCH operuje v utajení. Oficiálně neexistují. Jejich úkol je nevděčný, ale v této době moderního válčení nezbytný.
woi/woi_node_061.p3d	woi061_004b	Nyní jsi jedním z nich.
woi/woi_node_062.p3d	woi062_001	Věděli jsme, že jsou vysoko postavení. Asi tak vysoko, že na Ovální pracovnu jste se museli dívat dolů.
woi/woi_node_062.p3d	woi062_002	A na čem jste pro ně pracoval?
woi/woi_node_062.p3d	woi062_003	Na virech. Podivných virech.
woi/woi_node_062.p3d	woi062_004	Tyhle viry... označil byste je za biologické zbraně?
woi/woi_node_062.p3d	woi062_005	Bylo by těžké je za ně neoznačit.
woi/woi_node_063.p3d	woi063_001	Uslyšíš spoustu keců o tom, kde ta skupina vznikla, poručíku, ale... uvedu tě do obrazu.
woi/woi_node_063.p3d	woi063_002	Pane.
woi/woi_node_063.p3d	woi063_003	Synu, jak se vede válka?
woi/woi_node_063.p3d	woi063_004	Pane?
woi/woi_node_063.p3d	woi063_005	Střetneš se s nepřítelem. V našem případě s virem. Nemohli jsme jen sedět a zkoumat ho, museli jsme ho zažít. Nikdo předtím nic takového v akci neviděl.
woi/woi_node_063.p3d	woi063_006	Hope v Idahu?
woi/woi_node_063.p3d	woi063_007	Hope v Idahu bylo jen... obětní beránek. Nutná krutost. Bez toho bychom nezachránili svět.
woi/woi_node_063.p3d	woi063_008	Rozumím, pane.
woi/woi_node_063.p3d	woi063_009	Samozřejmě že rozumíš. Proto jsi jedním z nás.
woi/woi_node_064.p3d	woi064_001	Je rok 1964, že?
woi/woi_node_064.p3d	woi064_001b	Armáda postavila město. Lidem řekli, že jde o test soběstačné základny pro případ jaderného útoku.
woi/woi_node_064.p3d	woi064_002	Naplnili to město vzorkem všech etnik. Vojenské rodiny ze všech koutů. Řekli jim, že je to pokrokové.
woi/woi_node_064.p3d	woi064_003	Řekli jim spoustu věcí. A pak se stalo něco, co mělo prověřit jejich víru.
woi/woi_node_065.p3d	woi065_001	Vystaveni nákaze byli všichni kromě výzkumného personálu.
woi/woi_node_065.p3d	woi065_002	Účinky -- které většina čekala jako závažné -- se nikdy neprojevily.
woi/woi_node_065.p3d	woi065_003	Nikdo nechápal proč, ale zdálo se, že virus je v lidech neaktivní. Až do porodů.
woi/woi_node_065.p3d	woi065_004	Mýlili se, ale trvalo čtyři roky, než si to uvědomili.
woi/woi_node_066.p3d	woi066_001	Takže jste umístili stovku rodin ze stejně tolika různých koutů do jedné izolované lokality z jednoho důvodu -- jako reprezentativní vzorek.
woi/woi_node_066.p3d	woi066_002	Zachovali jsme objektivitu. Pomůže, když pokusný subjekt neví, že se testu účastní.
woi/woi_node_067.p3d	woi067_001	Přišli tam, veselí jako blechy. Sakra, sami by si pro vás vyhrnuli rukávy.
woi/woi_node_067.p3d	woi067_002	Co jste jim píchali? A kdy to bylo?
woi/woi_node_067.p3d	woi067_003	To bylo... léto... hm, roku 1963. Ať se propadnu, jestli vím, co to bylo. Vím jen, že já bych si to píchnout nenechal.
woi/woi_node_068.p3d	woi068_001	Řekli jsme jim, že do města zavedeme látky simulující spad -- že je chceme sledovat v populaci. Neškodná věc.
woi/woi_node_068.p3d	woi068_002	To byla krycí historka?
woi/woi_node_068.p3d	woi068_003	Jedna z nich. Díky ní bylo snadné brát vzorky a dělat testy. Nikdo se neptal -- všichni rádi pomáhali.
woi/woi_node_069.p3d	woi069_001	Píchali jsme to šimpanzům -- to byl CARNIVAL I, rozumíte. Výsledky byly úžasné.
woi/woi_node_069.p3d	woi069_001b	Zvýšená inteligence, zvýšená síla. Všichni jsme čekali něco pořádně dramatického ve Hope, hned jak jsme zavedli CARNIVAL II.
woi/woi_node_069.p3d	woi069_002	Co se stalo?
woi/woi_node_069.p3d	woi069_003	Heh -- nic.
woi/woi_node_070.p3d	woi070_001	Podle vašich nejlepších vzpomínek -- jaký byl nejdůležitější objev v rámci CARNIVAL II?
woi/woi_node_070.p3d	woi070_002	Hm, mezi lety 1965 a 1968 se ve Hope v Idahu narodilo dvacet sedm dětí. Všechny měly pozitivní test na něco jako DX-1118.
woi/woi_node_070.p3d	woi070_003	Tyto děti představovaly něco, co jsme předtím neviděli. Byly nakaženy virem v děloze, ale když se narodily:
woi/woi_node_070.p3d	woi070_004	Nesly v sobě něco jiného.
woi/woi_node_071.p3d	woi071_001	Všechny porody po roce 1965 skončily smrtí dítěte na nepředvídané genetické vady.
woi/woi_node_071.p3d	woi071_002	Před smrtí každé takzvané Dítě Hope vykazovalo něco výjimečného.
woi/woi_node_071.p3d	woi071_003	Genetické poruchy, které si vyžádaly jejich životy, byly jedinečné. Bylo to skoro, jako by se virus o něco pokoušel a selhával.
woi/woi_node_072.p3d	woi072_001	Greenová, Elizabeth A. měla prokázané kontakty se šesti z dvaceti sedmi Dětí Hope. Není známo, zda odtud pochází její expozice variantě DX-1118.
woi/woi_node_072.p3d	woi072_002	Co je známo, je toto: Greenové nákaza se časově kryje do dvou dnů od smrti posledního Dítěte Hope:
woi/woi_node_072.p3d	woi072_002b	Allan, Michael K. Datum úmrtí... hm, 6. 8. 1968. Věk dva roky, dva měsíce.
woi/woi_node_073.p3d	woi073_001	Hope v Idahu bylo tak dobré zkušební prostředí, jaké kdy dostaneme, aniž bychom přišli o všechno.
woi/woi_node_073.p3d	woi073_002	A?
woi/woi_node_073.p3d	woi073_003	Tohle nové propuknutí se neřídí patologií viru: příliš mnoho nákaz, příliš široké šíření, příliš mnoho... přeživších entit. Tentokrát je něco jinak.
woi/woi_node_073.p3d	woi073_004	Já vím.
woi/woi_node_074.p3d	woi074_001	Tak co tady vidíme?
woi/woi_node_074.p3d	woi074_002	Počítačovou projekci šíření nákazy.
woi/woi_node_074.p3d	woi074_003	Jak vidíte, po čtrnácti dnech model exploduje. Šíření je extrémně rozsáhlé -- mnohem větší, než jakého kdy dosáhlo propuknutí ve Hope.
woi/woi_node_074.p3d	woi074_004	Domníváme se, že vidíme toto: nižší úmrtnost a delší inkubační dobu.
woi/woi_node_074.p3d	woi074_005	Zkrátka jsme se připravovali na válku se špatným nepřítelem. Tohle je něco nového.
woi/woi_node_075.p3d	woi075_001	Nikdy jsme neviděli patogen s úmrtností 99,9 %.
woi/woi_node_075.p3d	woi075_002	99,999 %. A je i rychlý. Do třetího dne ovládl přes 70 % města.
woi/woi_node_075.p3d	woi075_002b	Zbývající občané pak byli násilně nakaženi.
woi/woi_node_075.p3d	woi075_003	Během prvního měsíce zemřela na virus polovina populace, ale iluze nenakaženého města zůstala zachována.
woi/woi_node_078.p3d	woi078_001	Hope, Idaho, operace CARNIVAL II. Zahájena 11. 6. 1964. Ukončena 7. 7. 1969. Čtyři sta šedesát jedna subjektů nakaženo variantou A viru DX-1118.
woi/woi_node_078.p3d	woi078_002	Devět set devadesát osm dní bez hlášené nákazy. K propuknutí došlo 8. 8. 1968. Město dobyto zpět 7. 7. 1969. Operace ALTRUISTIC.
woi/woi_node_078.p3d	woi078_003	Vyšetření nakažených jedinců odhalilo nový, dosud neviděný kmen DX-1118. Předpokládá se, že je zdrojem propuknutí ve Hope.
woi/woi_node_079.p3d	woi079_001	Operace ALTRUISTIC. Zahájena 5. 7. 1969. Jednotky První skupiny pro biologické hrozby, dnes známé jako BLACKWATCH, z Fort Detricku.
woi/woi_node_079.p3d	woi079_002	Síly narazily na odpor nakažených jedinců na okraji Hope v Idahu. Po dlouhém střetu bylo město ostřelováno. Poté bylo dobyto zpět.
woi/woi_node_079.p3d	woi079_003	Dva přeživší. Jedna: Greenová, Elizabeth A. Věk devatenáct let. Druhý: chlapec, totožnost utajena nad rámec přísně tajné.
woi/woi_node_080.p3d	woi080_001	Jakmile pronikne do organismu, ovlivní oblasti kódující proteiny v promotorových intronech každé buňky.
woi/woi_node_080.p3d	woi080_002	Zkrátka: vnikne dovnitř, přeprogramuje a změní buňku. Nová buňka se replikuje s dříve neaktivními nekódujícími oblastmi aktivovanými, což vyvolá drastické biologické změny.
woi/woi_node_080.p3d	woi080_003	Většinou jsou tyto změny PŘÍLIŠ drastické. V 99,9 % případů biologie organismu při tomto přeprogramování selže, což způsobí masivní selhání orgánů a smrt.
woi/woi_node_080.p3d	woi080_003b	Doba od první nákazy po smrt se u jednotlivých cílů liší, obvykle se ale počítá ve dnech nebo hodinách.
woi/woi_node_081.p3d	woi081_001	Krycí jména MOTHER a PARIAH otestována. MOTHER poskytla čtrnáct variant viru DX-1118.
woi/woi_node_081.p3d	woi081_001b	PARIAH měla negativní test na všechny virové agens.
woi/woi_node_081.p3d	woi081_002	Subjekty byly přesunuty do samostatných zabezpečených zařízení k dalšímu zkoumání.
woi/woi_node_081.p3d	woi081_003	Představují naši poslední šanci zjistit cokoliv z projektu CARNIVAL II.
woi/woi_node_084.p3d	woi084_001	Ředitel McMullen prosazoval zbrojní využití vzorku.
woi/woi_node_084.p3d	woi084_002	A koho pověřil provedením tohoto neschváleného výzkumu?
woi/woi_node_084.p3d	woi084_003	Pane, nemám tušení. Neměli jsme přístup do laboratoře BLACKLIGHT. Tohle místo je síť oddělených úseků s přístupem jen pro zasvěcené.
woi/woi_node_086.p3d	woi086_001	Karen. Dovol mi pomoct ti. Všichni jsme v tom namočení až po uši. Existuje jen jedna cesta ven: spolupráce.
woi/woi_node_086.p3d	woi086_002	Když nám pomůžeš, budeš čistá. Lístek kamkoliv budeš chtít a špičkové zařazení. Když ne... nemůžu pro tebe nic udělat.
woi/woi_node_086.p3d	woi086_003	Poslouchej, Karen. Ať je teď čímkoliv, není to muž, kterého jsi znala. Je to něco jiného.
woi/woi_node_086.p3d	woi086_004	Chci právníka.
woi/woi_node_087.p3d	woi087_001	McMullen, Raymond F. Datum narození 10. 1. 1955. Doktorát z genetiky, Pensylvánská univerzita, 21. 7. 1975. Založil Gentek 1. 11. 1976.
woi/woi_node_087.p3d	woi087_002	Po zveřejnění práce o nekódujících sekvencích v odpadní DNA v roce 1989 ho oslovil BLACKWATCH, aby vedl výzkum kmene A viru DX-1118.
woi/woi_node_087.p3d	woi087_002b	Posledních devatenáct let je BLACKWATCH tichým partnerem Genteku.
woi/woi_node_087.p3d	woi087_003	McMullen zůstává předním odborníkem na povahu viru BLACKLIGHT. Aktuální stav: možné bezpečnostní riziko. Cíl operace ZEUS.
woi/woi_node_091.p3d	woi091_001	Parkerová, Karen. Počkejte tady, prosím.
woi/woi_node_091.p3d	woi091_002	Hm. To není třeba... já... něco jsem zapomněla. *smích* Musím si to vzít, než nás sem nepustí.
woi/woi_node_091.p3d	woi091_003	Počkejte tady. *do mikrofonu* Parkerová, Karen, zaměstnankyně 2-18, pokouší se vstoupit do hlavních laboratoří.
woi/woi_node_091.p3d	woi091_004	Hej! Stůjte. STÁT!
woi/woi_node_092.p3d	woi092_001	Naposledy jsem ho viděla, jak utíká z budovy.
woi/woi_node_092.p3d	woi092_002	Nesl něco?
woi/woi_node_092.p3d	woi092_003	Nevím. Svůj laptop. Myslím, že nesl svůj laptop.
woi/woi_node_092.p3d	woi092_004	Něco dalšího?
woi/woi_node_092.p3d	woi092_005	Nevím. Nemůžu vám říct to, co nevím.
woi/woi_node_093.p3d	woi093_001	Parkerová, Karen I. Datum narození 1. 1. 1976. Doktorát z genetiky, Rutgersova univerzita, 2. 7. 2003. Přijata do Genteku, Speciální projekty, 1. 2. 2002.
woi/woi_node_093.p3d	woi093_002	Ředitelka: genotypování. Přístup úrovně D. Podřízená řediteli McMullenovi, Raymondu F. V milostném vztahu s Mercerem Alexem J. Hledaná k výslechu.
woi/woi_node_093.p3d	woi093_003	Subjekt musí být zadržen a přemístěn na základnu Six Charlie Alpha One.
woi/woi_node_094.p3d	woi094_001	Na mou zodpovědnost povolte předání dvou těl z Penn Station... máte pero?
woi/woi_node_094.p3d	woi094_002	Povídejte.
woi/woi_node_094.p3d	woi094_003	Nemocnice St. Paul's. Patolog se jmenuje doktor Ragland.
woi/woi_node_094.p3d	woi094_004	Řediteli McMullene, chápete, že tohle musím nahlásit.
woi/woi_node_094.p3d	woi094_005	Prostě to udělejte.
woi/woi_node_095.p3d	woi095_001	Subjekty: MCMULLEN, RAYMOND a RAGLAND, BRADLEY. Čas 09:09:22.
woi/woi_node_095.p3d	woi095_002	Bradley... mrtvoly z Penn Station jsou nakažené BLACKLIGHTEM.
woi/woi_node_095.p3d	woi095_003	Varoval jsem tě, ať to nedostaneš do města, Raymonde.
woi/woi_node_095.p3d	woi095_004	Přijmi náležitá opatření a pamatuj: jsi vinný stejně jako my. Budeme sledovat.
woi/woi_node_095.p3d	woi095_005	Raymonde?
woi/woi_node_098.p3d	woi098_001	Ragland, Bradley T. Datum narození, ehm... 21. 2. 1960. Doktor medicíny, Johns Hopkins, 1. 11. 1986.
woi/woi_node_098.p3d	woi098_001b	Přijat do Genteku, Speciální projekty, 9. 9. 1987. Odešel z Genteku 1. 12. 1992 poté, co odmítl pracovat na BLACKLIGHTU.
woi/woi_node_098.p3d	woi098_002	Aktuální zaměstnání: Město New York, patolog, St. Paul's. Pod dohledem od roku 1992.
woi/woi_node_098.p3d	woi098_003	Aktuální stav: považován za riziko nízké priority. Potenciální aktivum, při správném nátlaku.
woi/woi_node_099.p3d	woi099_001	Tato zbraň má nejvyšší prioritu. Chci ji v terénu -- včera!
woi/woi_node_099.p3d	woi099_002	Vyrábíme ji tak rychle, jak jen to jde. Zařízení v Harlemu se právě rozjíždí na plné obrátky.
woi/woi_node_099.p3d	woi099_003	Dobře. Možná se nám konečně usmálo štěstí. Rozchod!
woi/woi_node_100.p3d	woi100_001	Hele, co je to sakra za sračku? Vypadá to jako paprika, smrdí to jako prdel.
woi/woi_node_100.p3d	woi100_002	Sklapni a nalož ty nádrže do vrtulníku. Ať je to cokoliv, radši si na to zvykni, budou to stříkat na město -- a na nás taky.
woi/woi_node_100.p3d	woi100_003	Ále sakra.
woi/woi_node_101.p3d	woi101_001	Tohle byste mohli sníst a nic by se nedělo.
woi/woi_node_101.p3d	woi101_002	Jak to sakra chtějí nasadit v terénu?
woi/woi_node_101.p3d	woi101_003	Stejně jako Agent Orange.
woi/woi_node_102.p3d	woi102_001	Když se látka zavede, i v koncentraci pod deset dílů na milion, naruší normální biologické procesy u jakéhokoliv nakaženého subjektu.
woi/woi_node_102.p3d	woi102_002	Kolik té látky můžeme dostat?
woi/woi_node_102.p3d	woi102_003	Jakmile bude závod naplno v provozu, otázka zní: kolik chcete?
woi/woi_node_103.p3d	woi103_001	Tahle látka. Jaký bude mít účinek na ZEUS?
woi/woi_node_103.p3d	woi103_002	Mercer se od běžně nakažených liší, ale sdílí podobnou biologii. Podle mě ho to zasáhne podobně jako ty, kdo jsou nakažení virem BLACKLIGHT.
woi/woi_node_103.p3d	woi103_003	Zabije ho to?
woi/woi_node_103.p3d	woi103_004	Na to je ještě brzy říct.
woi/woi_node_104.p3d	woi104_001	Látka A-113A - říkáme jí Bloodtox, kvůli tomu podivnému zbarvení - je jed, který působí pouze na virus BLACKLIGHT.
woi/woi_node_104.p3d	woi104_002	Vedlejší účinky?
woi/woi_node_104.p3d	woi104_003	Na lidi by neměl mít žádný vliv.
woi/woi_node_105.p3d	woi105_001	Jak to vypadá s novou sérií pokusných subjektů?
woi/woi_node_105.p3d	woi105_002	Pane, výsledky jsou mimo stupnici. Zatím žádné nežádoucí účinky. Žádné známky neupraveného viru!
woi/woi_node_105.p3d	woi105_003	Připravte je na nasazení v terénu - hned.
woi/woi_node_105.p3d	woi105_004	Pane, já... já si nemyslím, že jsme připraveni.
woi/woi_node_105.p3d	woi105_005	Za přemýšlení tě neplatím.
woi/woi_node_106.p3d	woi106_001	Ta varianta, kterou vpíchli jednotkám D-CODE - je stará tři týdny! Neměli bychom ji nasazovat do terénu.
woi/woi_node_106.p3d	woi106_002	V tuhle chvíli si myslím, že už na tom moc nezáleží.
woi/woi_node_107.p3d	woi107_001	Na jaké situace jsou tyhle... věci vlastně určené?
woi/woi_node_107.p3d	woi107_002	Jsou cvičeni přímo proti virovým cílům. Jsou vysoce pohybliví, extrémně silní, odolní a dokážou čelit i nejsilnějším nakaženým.
woi/woi_node_107.p3d	woi107_003	Boj zblízka?
woi/woi_node_107.p3d	woi107_004	Přesně na to byli stvořeni, pane.
woi/woi_node_109.p3d	woi109_001	Kvůli povaze viru byly na jednotkách D-CODE provedeny rozsáhlé chirurgické úpravy - u jiného personálu nemožné.
woi/woi_node_109.p3d	woi109_002	Pod kůži jim byly ve všech hlavních měkkých tkáních vloženy neprůstřelné ocelové vložky. Léčebná schopnost viru dělá tyto úpravy nejen výhodné, ale nesmírně účinné.
woi/woi_node_110.p3d	woi110_001	Poslouchejte. Jste první z naší skupiny, kdo jde do terénu a postaví se viru přímo, na jeho vlastním hřišti.
woi/woi_node_110.p3d	woi110_002	Rozkazy?
woi/woi_node_110.p3d	woi110_003	Starej chce Mercerovu hlavu na míse. Je mu jedno jak. Budete mít prioritu u zpravodajství úderného balíčku.
woi/woi_node_112.p3d	woi112_001	Zpráva o projektu D-CODE. Virová varianta DX-1120 vpíchnuta sto šedesáti jedna pokusným subjektům. Žádná úmrtí.
woi/woi_node_112.p3d	woi112_002	Replikace viru a dorůstání organismu dokončeny za méně než dva dny.
woi/woi_node_112.p3d	woi112_003	Subjekty vykazují zvýšený metabolismus, výrazný nárůst síly a reakcí. Dosud se neprojevily žádné vedlejší účinky.
woi/woi_node_114.p3d	woi114_001	Získat vzorek je jen první krok.
woi/woi_node_114.p3d	woi114_002	Co myslíš, že dokážete vymyslet?
woi/woi_node_114.p3d	woi114_003	Hm, mám pár nápadů, ale myslím, že bychom mohli zvládnout rakovinu. 
woi/woi_node_114.p3d	woi114_003b	Roste, replikuje se. Se vzorkem bychom teoreticky mohli sestrojit něco, co ho vyvede z rovnováhy - donutí ho zničit sám sebe.
woi/woi_node_117.p3d	woi117_001	McMullen tomu vůbec nerozumí - nemá tušení, co ta... forma života dokáže.
woi/woi_node_117.p3d	woi117_002	Jak to myslíš?
woi/woi_node_117.p3d	woi117_003	Parazit, co stvořil, může být horší než sám Mercer! Nemůžeš si prostě... hrát na Boha a doufat, že to dobře dopadne!
woi/woi_node_119.p3d	woi119_001	A co když se ten... parazit z Mercera dostane ven? Co pak?
woi/woi_node_119.p3d	woi119_002	To není naše starost.
woi/woi_node_119.p3d	woi119_003	Máme tyhle věci zastavovat, ne vyrábět nové!
woi/woi_node_120.p3d	woi120_001	Co ještě sakra z toho místa vytáhli? Teda, ona je zlá dost, ale co dalšího tam je?
woi/woi_node_120.p3d	woi120_002	Hm... o tom nikdo nemluví. Jestli nechceš skončit ve vápenné jámě, byl bych radši zticha. Hned teď.
woi/woi_node_122.p3d	woi122_001	ALTRUISTIC získal z Hope několik zajímavých anomálií. Ukázali jsme ti jen některé.
woi/woi_node_122.p3d	woi122_002	Chci přístup k PARIAHOVI.
woi/woi_node_122.p3d	woi122_003	Budu předstírat, že nevíš, co to je, doktore. Nemáš prověrku. Pamatuj si: TY pracuješ pro NÁS. Doprovoďte ředitele ven...
woi/woi_node_122.p3d	woi122_004	Pane! Jestli půjdete za mnou, doktore McMullene.
woi/woi_node_124.p3d	woi124_001	Zatímco MOTHER je podle nás prostý přenašeč - něco, co jsme viděli už mnohokrát - PARIAH je jedinečný.
woi/woi_node_124.p3d	woi124_002	Proč přesně?
woi/woi_node_124.p3d	woi124_003	Je tu několik zajímavých anomálií: za prvé, subjekt je muž. Za druhé nevykazuje žádné známky, že by nesl nějaký virus. Nicméně...
woi/woi_node_124.p3d	woi124_004	Ano?
woi/woi_node_124.p3d	woi124_005	Nicméně vůbec si nejsme jistí, co to je.
woi/woi_node_125.p3d	woi125_001	Subjekt PARIAH přemístěn do čistého prostoru na letecké základně Vandenberg dne 1. 8. 69 jako hlavní pokusný subjekt projektu CRUSADE.
woi/woi_node_125.p3d	woi125_002	Subjekt vykazuje neobvyklou biologickou aktivitu. Za třicet čtyři let zajetí má na svědomí pět úmrtí.
woi/woi_node_125.p3d	woi125_003	Na rozdíl od MOTHER PARIAH nevykazuje žádné fyzické příznaky nákazy BLACKLIGHT.
woi/woi_node_126.p3d	woi126_001	Nechápu, jaký to má význam!
woi/woi_node_126.p3d	woi126_002	PARIAH může být to jediné, co dokáže zastavit Mercera a Greeneovou. Možná mi neřeknou, co je zač, ale umím hádat.
woi/woi_node_126.p3d	woi126_003	Jestli byla Greeneová nedokonalým uvolněním nekódujících oblastí genomu a Mercer byl něco víc, co když je PARIAH dokonalým naplněním všech nekódujících oblastí genomu?
woi/woi_node_126.p3d	woi126_004	Možná je konečným účelem veškerého života na Zemi.
woi/woi_node_127.p3d	woi127_001	Takže tě zajímá, čím je PARIAH pro Elizabeth Greeneovou?
woi/woi_node_127.p3d	woi127_002	Zajímavější otázka zní: co má PARIAH společného s Alexem Mercerem?
woi/woi_node_127.p3d	woi127_003	Mám své teorie. Mercer může být umělou aktivací nekódujících oblastí - něco, čeho bylo dosaženo genetickou manipulací. 
woi/woi_node_127.p3d	woi127_003b	PARIAH je přirozeným uvolněním věcí ukrytých v genomu.
woi/woi_node_127.p3d	woi127_004	Mám pocit, že kdyby se ti dva někdy setkali tváří v tvář, bylo by to nesmírně zlé.
woi/woi_node_128.p3d	woi128_001	Nemám prověrku o tom s tebou mluvit.
woi/woi_node_128.p3d	woi128_002	Co když bylo celým účelem propuknutí nákazy v Hope vyšlechtit něco nového?
woi/woi_node_128.p3d	woi128_003	Bylo čtrnáct neúspěšných pokusů - Děti z Hope - ale přežil jen konečný výsledek, PARIAH.
woi/woi_node_128.p3d	woi128_004	Co když je tohle začátek takové změny v obřím měřítku?
woi/woi_node_129.p3d	woi129_001	Od dnešního dne spadáme pod velení First Biological Warfare Command z Fort Detricku
woi/woi_node_129.p3d	woi129_002	Oni tady velí. Nechci od nikoho slyšet ani slovo. Když řeknou skoč, tak skočíš.
woi/woi_node_129.p3d	woi129_003	Nepleťte si je s diletanty. Zažili si už pořádné sračky.
woi/woi_node_150.p3d	woi150_001	Sebrali celej barák a natahali je do nějakýho ohrazenýho tábora, co si postavili.
woi/woi_node_150.p3d	woi150_002	Dělaj to po celym městě.
woi/woi_node_150.p3d	woi150_003	Do prdele. Začínám přemejšlet, kdy dojde na nás.
woi/woi_node_153.p3d	woi153_001	Vsadím se s tebou o dva kartony, že maj na starej dobrej N-Y-C namířenou hromadu raket.
woi/woi_node_153.p3d	woi153_002	Sakra.
woi/woi_node_153.p3d	woi153_003	Netrap se tím. Stejně si toho ani nevšimneme, až se to stane.
woi/woi_node_155.p3d	woi155_001	Ne, slyšel jsem, že tihle operátoři jsou z Marylandu. Nějaká zasraná divize. Černější než černá, tihle hajzlové.
woi/woi_node_155.p3d	woi155_002	Nemaj hodnosti, žádnej protokol. Jsou to zasraný barbaři.
woi/woi_node_155.p3d	woi155_003	A oni tady velej.
woi/woi_node_168.p3d	woi168_001	Vypálili to do základů. I s lidma uvnitř.
woi/woi_node_168.p3d	woi168_002	Do prdele.
woi/woi_node_168.p3d	woi168_003	Vyběhla ženská, celá v plamenech, a oni do ní prostě spustili palbu. A ještě se u toho smáli. Říkám ti, tihle chlapi jsou zasraný nácci, vole.
woi/woi_node_169.p3d	woi169_001	Chceš mi říct, že Washington nemůže nic dělat? Vyhlašujou stanné právo! Copak nepotřebujou...?
woi/woi_node_169.p3d	woi169_002	Poslouchej mě, Harvey, oni nic nepotřebujou. Velí tomu oni. Dělaj to už léta. Pro ně je tohle úplně normální stav.
woi/woi_node_169.p3d	woi169_003	Tento telefonní hovor byl přerušen z důvodu národní bezpečnosti podle zákona o mimořádných pravomocech.
woi/woi_node_172.p3d	woi172_001	Mluvte.
woi/woi_node_172.p3d	woi172_002	Seržant Paulin a já jsme pozorovali, jak Marine Apache Charlie One opustil kordon.
woi/woi_node_172.p3d	woi172_003	A?
woi/woi_node_172.p3d	woi172_004	Jsme si dost jistí, že byl unesen. Když po něm vystřelili, viděli jsme to.
woi/woi_node_172.p3d	woi172_005	Co?
woi/woi_node_172.p3d	woi172_006	Pane. Pilota. On... vyskočil z letounu.
woi/woi_node_172.p3d	woi172_007	A?
woi/woi_node_172.p3d	woi172_008	Dopadl na zem a hned běžel, pane.
woi/woi_node_173.p3d	woi173_001	Tohle není jenom jeden chlap, vole. Říkám ti to.
woi/woi_node_173.p3d	woi173_002	A co si sakra myslíš TY, že se děje?
woi/woi_node_173.p3d	woi173_003	Musí jich bejt celá parta, všichni v tý mikině s kapucí, pobíhaj po městě a dělaj bordel.
woi/woi_node_177.p3d	woi177_001	PROČ DO PRDELE STŘÍLEJ PO NÁS! MAJ BEJT NA NAŠÍ STRANĚ!
woi/woi_node_177.p3d	woi177_002	SAKRA. SAKRA!
woi/woi_node_177.p3d	woi177_003	TAK TO STAČÍ, VOLE. JÁ MIZÍM. ODPRÁSKNU VŠECHNO, CO NENÍ MARIŇÁK.
woi/woi_node_185.p3d	woi185_001	VŠICHNI! TICHO. MÁM OZNÁMENÍ!
woi/woi_node_185.p3d	woi185_002	Za prvé. Tihle lidi nakažení virem - jsou už mrtví. Držte si odstup, a jestli se na vás vrhnou, střílejte, abyste zabili.
woi/woi_node_185.p3d	woi185_003	KAPITÁNE! KDY SEM DORAZÍ POSILY!
woi/woi_node_185.p3d	woi185_004	Za druhé. Posily? To jsme my...
woi/woi_node_187.p3d	woi187_001	Hej! Hej, ty modrej! Dostaň svoje lidi pryč odsud.
woi/woi_node_187.p3d	woi187_002	Díkybohu, že jste tady...
woi/woi_node_187.p3d	woi187_003	Dostaň svoje lidi pryč, hned!
woi/woi_node_187.p3d	woi187_004	Chlapi! Končíme. Necháme to na profesionálech!
woi/woi_node_189.p3d	woi189_001	Nemůžete mě tady držet! Znám svoje práva!
woi/woi_node_189.p3d	woi189_002	Možná, ale o stanném právu evidentně moc nevíte.
woi/woi_node_189.p3d	woi189_003	Máte právo dostat díru do těla. Já mám právo vypálit vám dům a zastřelit vám psa. Rozumíte svým právům, jak jsem vám je přečetl?
woi/woi_node_189.p3d	woi189_004	ANO! ANO! PROSÍM!
woi/woi_node_189.p3d	woi189_005	Tak drž hubu.
woi/woi_node_190.p3d	woi190_001	Já tu zatracenou věc už jednou zastavil. Zastavil ji úplně.
woi/woi_node_190.p3d	woi190_002	Hope v Idahu bylo jen... obětní beránek. Nutná krutost.
woi/woi_node_190.p3d	woi190_003	Střílejte všechno, co se hne. Nikdo dovnitř, nic ven.
woi/woi_node_190.p3d	woi190_004	Pane, Walkerovi se zabarikádovali v nemocnici.
woi/woi_node_190.p3d	woi190_005	Máme rozkaz zlikvidovat celou populaci!
woi/woi_node_190.p3d	woi190_006	Matka a dítě jsou nyní vojenský majetek.
woi/woi_node_190.p3d	woi190_007	...a já jsem právě dostal generálskou hodnost.
woi/woi_node_201.p3d	woi201_001	V tomhle tanku jsem prošel třemi válkami. Umí projet ulicemi města i otevřenou pouští - nic ji nezastaví.
woi/woi_node_201.p3d	woi201_002	A když mi něco stojí v cestě... no, sakra, *smích* prostě to přejedu.
woi/woi_node_207.p3d	woi207_001	Vítejte ve výcvikovém středisku obrněné techniky mariňáků. Tento obrněný transportér má devatenáct hlavních systémů a přes 25 000 pohyblivých částí.
woi/woi_node_207.p3d	woi207_002	Během příštích osmi měsíců se naučíte VŠECHNY.
woi/woi_node_207.p3d	woi207_003	Až tady skončíte, dokážete tohle vozidlo zaparkovat přímo na nepřátelské pozici a rozmlátit je na kaši. Mým úkolem je dostat vás do formy. 
woi/woi_node_207.p3d	woi207_003b	Vaším úkolem je držet hubu a učit se.
woi/woi_node_208.p3d	woi208_001	Tento briefing má stupeň utajení A-1. Platí Federální zákon o mimořádném stíhání.
woi/woi_node_208.p3d	woi208_002	Situace je podle našich poznatků taková: Virus se soustřeďuje kolem staveb ve městě, které jsme označili jako HNÍZDA.
woi/woi_node_208.p3d	woi208_003	Nakažení tam shromažďují biologický materiál z neznámých důvodů, možná ke tvorbě nových kmenů nákazy.
woi/woi_node_208.p3d	woi208_004	Co ale víme jistě: pevnost budovy je zesílená, ale ne imunní vůči útoku. Vytrvalý útok dostatečné síly by hnízdo měl zničit.
woi/woi_node_209.p3d	woi209_001	Víme, že Zeus byl v této oblasti spatřen několikrát, a nasazujeme novou techniku, abychom ho zahnali do kouta.
woi/woi_node_209.p3d	woi209_002	Tento bezpilotní letoun dokáže ve volném vzduchu detekovat virus v koncentraci menší než deset dílů na milion. S ním bychom měli být schopni Dia obklíčit a zničit.
woi/woi_node_211.p3d	woi211_001	Zdá se, že ohniska nákazy se soustřeďují kolem těchto oblastí. Střed, jak jsme viděli, tvoří tyhle budovy.
woi/woi_node_211.p3d	woi211_003	Zajistěte všechny označené oblasti pro případné vysazení ředitele McMullena k přímému zkoumání. Nepřistane, dokud všechny čichače nebudou hlásit normální hodnoty, a ujistěte se, že žádný nebyl zničen.
woi/woi_node_211.p3d	woi211_004	Pravidla nasazení?
woi/woi_node_211.p3d	woi211_005	Cokoliv, co je potřeba k vyčištění terénu. Až bude čisto, hlaste se.
woi/woi_node_212.p3d	woi212_001	Pane, ředitel McMullen předal těla civilistovi.
woi/woi_node_212.p3d	woi212_002	Ragland.
woi/woi_node_212.p3d	woi212_003	Ano, pane.
woi/woi_node_212.p3d	woi212_004	Udělal jsi správnou věc, synu. Tvé nové rozkazy zní: získej VŠECHNY vzorky, těla a důkazy od doktora Raglanda. Přines je na základnu AE-1.
woi/woi_node_212.p3d	woi212_005	Ragland?
woi/woi_node_212.p3d	woi212_006	Pokud nebude zasahovat, nechte ho být. Už je zapletený. Mluvit nebude.
woi/woi_node_212.p3d	woi212_007	A co McMullen, pane.
woi/woi_node_212.p3d	woi212_008	Je na čase, aby se doktor naučil, kdo velí téhle malé výpravě.
woi/woi_node_215.p3d	woi215_001	Všechny jednotky, přecházíme na plán B. Vraťte se na všechny kontrolní body a sejděte se u mostu v hodinu H.
woi/woi_node_215.p3d	woi215_002	Jedeme do Brooklynu... v obrněncích - do prdele.
woi/woi_node_216.p3d	woi216_001	Tohle všechno, všechno tady. Připravovali jsme se na špatnou válku! Tohle nemůžeme porazit. Musíme se stáhnout a řešit to z dálky!
woi/woi_node_216.p3d	woi216_002	Taggarte, dal jsem ti velení, protože ti věřím, že uděláš, co je potřeba: vyříznout srdce té nákazy.
woi/woi_node_216.p3d	woi216_003	Pane! Pozice je neudržitelná. Tyhle... věci... jsou... nad naše síly...
woi/woi_node_216.p3d	woi216_004	Nechci od tebe slyšet další výmluvu! Vrátíš svůj zadek do terénu a dokončíš to! Nebo se nevracej.
woi/woi_node_217.p3d	woi217_001	Pane, máme prioritní situaci v New Yorku.
woi/woi_node_217.p3d	woi217_002	Ten běžec z Idaha?
woi/woi_node_217.p3d	woi217_003	Něco... jiného.
woi/woi_node_217.p3d	woi217_004	Pane?
woi/woi_node_217.p3d	woi217_005	Sežeňte mi na drát starýho! Chci dva prapory připravené k přesunu z Detricku, v plné výzbroji!
woi/woi_node_217.p3d	woi217_006	Začíná to zase.
woi/woi_node_219.p3d	woi219_001	Ano, vojíne, hlídáte díru ve střeše. Byli jste informováni, s čím máme co do činění - nejsme v bezpečí, dokud nejsou tyhle světlíky zapečetěné.
woi/woi_node_219.p3d	woi219_001b	Takže pokud nechceš chodit na hlídky, dokud si na tebe máma nepřestane pamatovat, postav svůj ubohej zadek přesně sem a stůj, dokud ti neřeknou jinak. A TEĎ HNI KOSTROU!
woi/woi_node_219.p3d	woi219_002	Rozkaz!
woi/woi_node_220.p3d	woi220_001	Kapitáne Lime!
woi/woi_node_220.p3d	woi220_002	Pohov, vojáku. Ozvi se jim a řekni, že jsme zajistili těla na Penn Station.
woi/woi_node_220.p3d	woi220_003	Beru těžkou techniku a jedu zničit hnízdo. Postavte v této oblasti kontrolní body a pak se s námi sejděte u GENTEKU.
woi/woi_node_220.p3d	woi220_004	Ano, pane!
woi/woi_node_221.p3d	woi221_001	Pilotovat Grey Goose je tvrdá práce. Ale dostat vrtulník o váze 25 000 liber bezpečně na zem na Sedmé avenue, to je úplně jiná liga.
woi/woi_node_221.p3d	woi221_002	Naštěstí jsem prostě sakra dobrej.
